Duration,Bytes,Packets,SrcPort,DstPort,SrcBytes,DstBytes,Label
0.3292209568678661,662,21,21948,3389,485,444,0
5.129193250117238,851,36,21152,80,311,418,0
2.4678385468001998,922,49,4004,443,241,60,1
3.559100476681386,218,32,31274,443,199,178,1
3.2791523871090744,900,39,20778,n25,95,1
0.3362461462960198,223,22,7727,3389,372,207,0
0.5817282830017327,796,23,64532,80,199,469,1
3.1041060204387785,495,45,62344,22,407,400,1
4.6143653074927204,259,20,63734,80,451,208,1
5.0743080212227625,891,1,18791,22,421,350,0
9.555184859888538,198,39,24004,80,388,274,0
9.500580166838777,235,23,62962,22,112,341,1
0.6313078860014086,170,10,24875,22,305,496,1
1.114119214322813,985,44,7468,80,173,267,1
8.015483922540163,900,1,59287,3389,110,275,1
2.964956053782136,140,45,26752,3389,271,181,1
3.1183584248034326,615,4,11635,3389,190,146,0
5.5220384493472565,968,43,43110,80,193,385,0
8.882443900841459,830,44,27751,443,63,497,0
7.1004211487521065,859,14,48464,443,58,357,0
1.046930807518751,880,26,4456,3389,145,352,1
8.337580820395933,221,41,10056,22,279,205,1
5.913588300047988,899,22,25866,443,343,371,1
8.39961267022597,457,42,56743,3389,252,462,0
3.108621988620152,662,47,16973,3389,318,127,0
1.5243955449791182,619,15,10539,3389,343,236,1
3.209262463471147,608,2,24980,80,192,304,1
8.3442199691665,441,5,61742,443,114,461,1
2.0548704047825983,959,31,57215,80,453,314,0
2.1897529653203405,671,30,11685,80,320,63,1
4.363152683778561,396,37,9272,80,166,368,0
4.200193780330416,929,48,8767,80,301,182,1
8.129816205059056,941,19,27091,22,435,167,0
1.1209747194650337,496,32,47561,22,291,369,1
4.125657613638999,462,18,10579,3389,195,144,0
7.1575194002460965,767,49,4814,443,326,247,1
1.4929886602043276,760,8,25193,22,372,183,1
0.9140892352859481,607,33,16165,443,248,117,0
3.0160449611808726,703,49,40611,80,129,479,0
8.747557152355355,870,6,20572,443,180,410,0
3.756723617058796,440,27,23089,80,334,187,0
8.353413858651328,231,28,30997,3389,356,121,1
8.59591711470863,890,24,50467,3389,497,446,0
7.535255828367584,176,41,24087,80,170,211,1
7.7359644122538604,894,37,20563,22,277,459,0
8.384109593755579,859,44,28302,80,141,70,0
1.4606952383228928,129,48,55762,443,65,254,1
9.925549458069794,445,28,10936,80,83,198,0
3.3431065069977386,974,40,8043,22,136,419,1
3.369946660834712,438,38,10964,22,320,129,0
1.7462988362488694,453,45,61600,80,217,189,0
6.803496261899201,364,5,26085,443,429,173,1
7.0445437592493185,749,15,20923,3389,446,424,1
0.986546742035322,324,4,15586,443,70,292,0
1.3205251980872295,486,3,46106,3389,85,240,0
8.553173072083883,369,28,54717,3389,131,440,0
6.812552008855128,468,41,48123,22,182,346,0
6.210931936270988,880,36,2889,3389,151,218,1
7.416790669139858,845,35,43735,3389,490,66,1
4.452361502652232,313,41,42230,443,270,494,1
8.970778063055267,468,5,25882,443,245,96,0
4.485934351772854,432,36,34215,443,413,402,0
8.16395230604643,573,45,30090,22,58,152,0
9.365307498118318,476,14,24807,80,423,357,0
7.978860659141311,657,11,17760,3389,113,399,1
7.154667294210015,671,16,34169,3389,233,300,0
5.2576163339980555,651,17,28043,22,432,349,0
7.421049543498532,907,42,9571,3389,451,247,1
9.490571771327408,585,6,26676,443,431,63,1
0.10929931271700596,366,23,44515,3389,264,87,0
8.104691788530875,593,41,39578,3389,244,171,1
6.950026927123784,774,39,47279,22,442,412,0
8.948305974654367,910,2,31464,80,82,351,0
3.3574518183178483,268,49,16267,3389,266,63,1
5.536380838098563,499,27,1717,80,440,464,1
5.316399474022358,708,45,6983,443,383,205,1
4.936549172775037,816,6,34800,22,472,124,1
2.212822395850838,366,30,20512,443,114,333,1
8.929746226630915,267,17,46930,80,77,280,1
7.847518657391285,890,40,19103,80,193,115,0
8.315354970421053,879,10,52551,22,340,428,0
8.950892322649231,513,32,48411,22,214,251,0
1.3880254637967877,827,42,30860,22,221,51,1
8.326992930434777,910,5,45072,80,162,166,0
2.779361492673969,293,32,37542,22,246,410,1
1.0667651263322506,562,6,14937,80,55,195,0
8.694116411126126,301,2,40037,443,227,158,0
0.19980843964316966,566,14,39967,80,437,425,0
8.095295307590241,557,26,4038,443,363,199,0
1.52769617676875,533,25,59404,3389,234,319,1
6.169314279881111,674,16,56460,80,225,406,0
8.588215996464418,912,47,32889,3389,328,310,1
6.494007212496549,586,4,3106,3389,411,484,0
0.13996023735263596,783,15,35744,3389,263,431,1
6.680565462420365,629,23,62901,22,361,267,1
9.931752731084632,827,29,27011,443,481,288,0
3.707661113836939,895,32,17292,22,466,180,0
9.145523814359828,948,42,55883,443,381,245,1
2.4890893029377055,336,16,44380,80,86,242,1
5.232858996930671,411,7,64908,3389,492,178,1
8.939121570150157,672,29,14047,3389,173,433,1
7.271345727728373,157,2,31100,80,269,394,0
4.650427512117969,129,31,15511,80,391,183,0
4.767927463677549,579,15,23745,3389,118,179,0
6.877312734853716,150,8,45581,3389,313,149,0
9.716195724728584,240,19,62618,22,144,202,0
7.011775613592886,774,34,10736,22,304,387,1
6.957969652103509,737,29,24128,3389,314,104,1
9.77566779585258,408,7,10186,3389,190,101,1
7.493139590220139,182,8,41065,3389,357,192,1
8.98408099483517,659,3,14483,3389,147,191,1
6.9071911036055695,718,1,58927,3389,163,386,0
0.3982311743400675,461,25,35786,3389,256,118,0
4.86261287409864,813,12,6413,22,123,342,1
7.363451829675391,904,28,61766,3389,56,405,1
5.070950299663273,114,31,60332,3389,201,406,1
2.432271627479377,173,45,21022,22,483,460,0
5.309991147565472,947,5,37197,443,302,93,0
8.372620074950524,663,5,32067,3389,330,314,0
0.5510966717993454,651,32,42114,22,399,238,1
1.9093437392532016,603,46,6655,3389,428,75,0
6.213726441321656,513,11,53188,80,136,418,0
7.17151956931921,299,17,6746,3389,227,383,0
8.354116461614952,156,2,30497,3389,120,98,1
1.1941577565656145,250,6,9569,3389,486,484,0
5.204715096356715,253,3,62302,80,314,281,1
3.9153884745828287,151,33,64596,80,417,73,1
9.419587133881617,710,38,39268,22,86,473,1
8.33965726503238,435,38,47558,443,309,115,0
0.4666937296141399,239,25,17239,22,444,133,0
2.1383968446735175,488,9,35140,22,270,77,1
1.2649731599331087,596,17,61807,3389,312,103,1
0.6469648309092353,809,28,53479,22,118,55,0
8.650731914411509,632,29,60091,3389,359,79,1
8.26345148751128,111,27,24705,80,265,141,0
8.873313810793551,943,34,19893,3389,402,69,1
6.866793114156133,904,12,51117,3389,294,303,1
7.237499991786827,696,1,37846,3389,211,378,0
1.4584344452638929,310,21,62840,3389,418,339,1
0.9389033751466445,794,17,60569,80,395,120,0
4.814390199903371,733,47,14687,443,93,226,0
8.486467247411433,148,4,15612,22,68,489,1
9.2226463976408,343,3,38131,80,192,265,1
0.6240631873073561,765,40,18089,22,424,100,0
6.2468021608713205,140,33,10814,3389,144,197,0
4.982214343686654,815,23,16127,80,266,326,1
2.4381378222562353,491,22,51590,22,467,353,1
5.380856606494888,429,5,21891,80,314,168,0
7.671279267927891,943,49,16111,3389,449,187,1
1.4580135945070494,999,42,16629,22,489,418,0
6.7856054646408595,441,45,53103,22,440,88,0
1.1501541559256077,601,37,22033,80,85,482,0
2.6551470146485943,476,24,20365,443,121,76,0
3.05290541503554,626,35,65244,443,456,333,1
3.2757024528966356,523,23,39619,22,242,130,1
7.72960516772932,353,29,58494,22,141,282,1
0.5601377332330694,510,14,21322,80,206,82,1
1.1731404855560976,587,36,28874,22,182,215,0
9.38016032927319,543,49,63349,3389,81,129,1
7.249225630737847,628,3,18277,22,393,117,0
2.3572388491581657,586,15,12287,443,55,410,1
0.970274066922898,968,44,37756,80,71,121,0
2.9315771447744456,967,46,26765,443,209,64,1
8.25384010061899,890,2,63513,22,394,396,0
2.737697616309312,293,17,50512,80,380,322,0
1.2008389726877198,550,5,54889,443,54,477,0
1.6306889747373068,613,46,35406,22,214,232,1
2.8068776280274528,634,16,2770,22,348,138,0
5.586967234808095,708,33,11847,80,465,454,0
3.864245158264731,662,7,3165,80,215,172,1
5.415858100389323,479,49,64600,80,245,228,1
7.366033796385661,240,8,39377,443,167,277,0
1.853032467437261,494,38,31089,3389,109,86,0
6.754740070565525,957,46,4274,22,70,387,0
1.2400332914319214,902,5,25543,3389,275,489,0
5.8682620165757715,333,48,46349,3389,107,219,1
6.626032430227151,780,23,47021,3389,121,348,1
4.392942108221687,116,39,45476,80,488,83,0
5.011014874615417,809,44,60633,3389,236,128,0
0.5586818346411484,572,30,50958,80,316,194,0
6.1013792548732955,122,33,33364,22,241,320,0
0.6068318974545899,610,12,37419,22,463,381,1
2.173001483871938,567,2,45344,80,103,180,0
9.092388150663751,338,31,63324,80,205,457,0
5.980065516460119,658,47,22773,3389,310,251,0
8.436571216893668,307,30,48002,80,475,102,1
1.1567808900934875,967,17,9360,3389,173,320,1
7.357706652522253,775,34,52466,22,448,362,1
3.5847124586431094,193,44,33937,443,379,349,0
7.794830629579274,604,30,55001,443,256,498,0
8.876211746226195,322,17,14241,22,203,169,1
8.540110597821108,832,19,30982,443,91,201,0
7.406899020776558,544,38,4035,80,424,448,0
4.524675998331376,768,11,31349,22,448,380,1
7.05984233107814,891,41,64096,443,240,236,0
1.893951883275887,752,49,16026,22,380,66,1
1.8936254073245535,382,29,51661,443,294,133,1
2.137950872415878,392,43,36471,443,436,470,0
0.9664350780796908,947,24,28166,443,58,228,0
3.590361215628927,578,8,34577,3389,200,188,1
9.35153392848617,529,6,13392,80,165,243,1
6.4193417480195425,206,7,30812,22,139,451,0
2.4806394639337945,757,42,28818,3389,258,176,1
2.476580314815144,877,23,25588,3389,355,219,0
1.4259778627193442,719,36,60004,80,225,380,0
4.967834897039007,115,7,1158,80,237,321,1
2.4014170493881393,806,27,62324,443,138,201,0
5.779142623138915,576,32,50031,80,417,275,0
0.5616715444472029,112,25,38325,443,344,488,0
6.484755891992123,225,33,14920,443,249,153,1
6.866545412537432,145,28,53413,3389,461,258,0
1.0400529237491072,675,39,30847,22,153,172,0
7.1962124587625755,437,25,16341,3389,166,322,1
4.735218362618954,498,9,39446,80,241,276,1
8.470518931070815,438,3,43420,22,461,291,0
7.026788752304494,189,31,12704,22,208,148,0
0.526186684622649,411,20,22041,22,322,342,0
2.3014386829893687,698,34,40430,3389,79,418,1
9.482571999707279,408,38,34131,443,494,116,1
4.857152173432967,601,13,56799,443,245,498,1
4.968269741632469,533,13,30207,3389,315,215,0
9.96116562653021,943,4,8902,22,331,254,0
8.523964724019766,523,46,28509,443,374,286,0
1.5895909825664125,956,7,44453,443,384,71,1
1.2516256026978483,427,26,10435,3389,422,125,0
9.947182780706788,946,15,10611,443,209,119,0
4.664490905559904,956,25,16353,80,375,375,1
1.530646983964681,801,19,18520,80,51,443,1
1.660439902181807,540,21,65292,3389,398,309,1
3.829851358798849,923,10,22136,443,156,177,0
2.315935358768712,117,47,51233,80,298,239,0
0.8107383503405051,492,39,45103,80,267,122,0
4.137866051661229,560,14,25659,3389,85,380,1
4.616099640205222,559,35,15565,22,228,156,0
8.367493249134258,140,16,64296,80,444,104,1
8.230815738688706,143,37,44998,22,147,297,0
4.061534524934841,473,37,33835,3389,479,157,0
2.0013840308484765,411,42,34440,3389,136,471,0
8.23394547270942,435,5,5873,3389,410,212,0
8.944508702243263,354,2,10254,3389,378,432,1
4.223346244361522,547,10,24860,3389,357,480,1
5.239773175500472,904,33,13562,3389,249,360,0
0.9112873212567835,323,31,6657,3389,302,368,1
8.380368762068949,913,10,27056,3389,250,389,1
1.9552392585947531,401,12,16949,22,76,375,0
5.590857682613571,277,39,37235,443,418,249,0
9.4278689934305,205,37,18160,443,200,73,0
6.535224755676874,147,23,20108,22,95,145,0
8.511185194384593,640,27,58694,80,376,224,0
9.141422803472485,435,49,47644,443,184,128,1
8.777406186341539,988,46,23082,80,250,472,0
4.076908017136932,927,7,10016,22,227,398,1
8.897034091021288,578,31,44579,443,416,316,0
5.75781758034755,291,14,61135,22,454,432,0
1.7073045856453692,817,49,24068,22,227,323,0
2.031622736530178,879,24,45556,443,305,335,1
5.996761758657861,332,45,65119,80,81,469,1
8.64501920985254,853,1,21949,443,172,88,1
5.955889726100859,671,40,34785,22,70,81,0
7.473366721810458,997,31,14286,3389,362,330,0
9.957352113209488,138,42,28181,22,349,373,1
2.6928743294957416,589,7,40577,3389,447,376,0
8.982756969217126,884,11,53542,80,135,282,1
1.856166441559082,573,19,45971,3389,147,237,0
7.1238041290855305,748,20,6672,80,492,142,0
1.0957776691080907,661,13,52013,3389,114,76,0
6.406092895478804,345,6,5797,80,409,241,1
5.42971846953793,569,37,37417,3389,261,195,0
3.0464445470769532,504,33,39705,443,370,463,1
7.687395255157827,665,33,58447,80,140,278,1
9.760444391028468,335,41,19692,3389,309,448,1
5.787217561419225,299,24,65401,443,435,180,0
8.706434795780046,780,8,29356,22,471,498,0
9.724688175864022,574,8,56762,80,383,453,0
5.6856802368828205,402,26,36347,80,249,297,0
7.218181091199996,790,10,14639,80,323,141,0
1.026661838453124,169,30,62824,22,315,224,0
2.119937444522047,897,33,12180,3389,197,335,0
9.814524437018594,880,19,4032,3389,243,196,0
4.195565038725144,658,35,27083,80,92,86,1
2.691400643416443,854,43,60766,443,158,441,0
9.79817123474584,680,5,21520,80,422,385,1
8.093784125862932,382,30,27741,80,227,369,0
9.12214577860577,483,21,38046,80,83,172,0
4.776162078494751,626,33,28744,3389,350,366,1
5.6793147982166605,137,39,43563,80,258,339,0
7.171720478773159,979,7,65069,22,406,57,0
2.42026650159379,444,27,38338,443,297,420,0
6.6025120605708025,720,19,6408,22,334,104,1
1.4912199495468088,719,6,54683,80,461,453,0
9.37667921325458,771,40,42340,443,370,396,0
1.1089846422467908,758,25,6665,3389,390,446,0
7.15988572530927,891,35,50049,3389,203,103,0
1.3353247860813375,166,7,10306,3389,320,495,0
6.253089247019626,304,5,25052,443,464,390,1
1.4324014563274248,244,12,6156,3389,289,203,0
4.4827923562036025,466,16,38676,80,427,76,1
5.226450369067253,870,48,41378,80,404,313,1
3.1663252254577836,996,32,33381,80,408,279,1
0.9757125747176394,476,46,50232,443,58,385,1
9.22669871652586,563,25,9361,80,493,124,0
2.8601990154927988,204,32,22578,3389,190,140,0
8.52630915381438,809,48,15386,443,217,60,0
4.091760759059911,855,25,48222,22,137,209,0
7.823605921378363,510,34,43946,3389,409,60,1
3.2308101682631425,326,26,55599,3389,312,99,0
5.098673264386939,679,7,37918,443,218,197,1
7.553052659179795,359,13,44711,443,113,494,0
5.604556698750174,919,6,24410,22,128,320,0
6.971105055163053,755,39,52020,3389,473,234,0
3.489813562648863,270,6,27633,80,172,160,1
4.523384996906183,780,30,56068,443,438,489,0
8.993711089142781,113,41,40946,22,422,192,0
8.412519624870358,886,11,57218,80,440,464,1
7.813989345190807,664,13,58251,80,217,305,1
8.39183026473905,493,7,24997,3389,282,283,0
1.5461505652633696,778,28,31484,443,180,68,0
8.494152811503204,918,41,45929,80,255,195,0
0.17860556238667968,961,45,27507,80,249,160,1
0.7088803047446449,881,40,59526,80,117,273,0
1.8491246115469135,967,4,60982,443,105,385,1
7.362978936144364,242,46,11664,80,365,471,1
8.359839796120548,159,5,32479,443,429,416,1
7.916821672985736,102,28,53279,80,407,179,0
7.057850936567028,441,33,24068,22,363,271,0
9.897331690477825,623,49,24117,22,266,65,1
5.368260746519626,662,23,55848,3389,333,267,1
1.7546205231169087,952,47,56362,443,350,132,0
4.632013674444335,831,5,9355,3389,471,352,1
3.0623382247874997,742,31,29983,443,234,456,1
8.224237737950924,679,9,12989,80,346,457,0
1.2011539207779232,937,2,64754,22,205,288,1
7.832761821530599,575,10,60163,443,316,137,1
9.368004341778391,969,13,3380,22,456,414,0
6.855387283789297,335,18,5208,3389,487,400,1
3.5931518424357476,568,36,11106,3389,259,213,1
8.576394130537425,882,24,40147,80,249,452,1
0.10656827403110668,661,24,15732,443,358,124,1
0.347572139102597,847,8,34800,80,150,220,0
7.138733917246582,387,19,63092,80,224,279,1
6.108881177422084,201,21,35182,443,142,264,0
6.9107169572563985,706,42,45773,443,371,206,0
1.1550609161492902,946,34,63817,3389,271,295,0
9.304334367871332,775,18,7785,443,185,247,1
6.842476272023358,757,27,30363,3389,211,468,0
1.892717409484907,160,5,43206,80,344,487,0
7.940028077890855,635,6,47482,443,336,433,0
3.1400036029813556,305,19,62469,443,118,196,1
1.7187368384993857,370,3,40233,3389,194,201,1
0.3257140940115568,484,22,9821,3389,452,471,1
4.9141950831669,787,18,54362,80,319,128,1
7.512426970070617,748,47,19611,22,245,129,0
8.48971837387134,770,17,62022,3389,175,257,0
3.5796833144255213,252,12,36114,80,61,416,1
9.859719329112385,216,3,17700,22,169,377,1
3.813008426930147,417,18,45546,22,231,309,1
0.7410316988085925,810,44,9815,3389,66,132,0
4.435438687741592,586,47,50624,3389,62,142,0
4.572557400746536,114,3,51976,22,243,390,1
5.89707753295157,535,19,36663,3389,484,483,1
6.1934447702210855,198,12,23202,443,82,473,1
7.933550207768163,345,47,42728,3389,424,494,1
2.965077358869867,894,21,8200,443,113,129,1
5.925124219152166,437,40,18880,3389,167,492,0
2.8593019662251677,784,25,30628,22,227,56,0
0.39686415875455605,959,1,41666,3389,466,485,0
7.659586700322848,551,12,7230,80,67,286,0
4.872889801713262,507,38,8804,80,333,426,1
8.722637836858809,214,16,18369,3389,106,110,1
5.167054106606612,585,34,13955,3389,276,360,0
6.17822130671287,860,8,43867,3389,188,274,0
0.523357132414481,730,46,21244,443,450,370,0
4.4651266510601735,987,33,17551,3389,484,229,0
8.309801713787474,609,35,36217,22,59,403,0
1.6928764480346674,132,48,60635,443,63,444,0
9.163325021829852,820,43,12667,3389,316,50,1
6.192948541108329,259,36,16375,22,112,424,1
5.151373435084159,533,16,41746,22,249,484,1
6.342957307295085,846,36,21491,3389,108,474,1
3.4917010361983514,893,37,14118,3389,52,492,0
2.857569747123102,375,44,41058,22,405,129,1
9.29629474629333,384,28,42383,22,345,373,1
3.1916003058458897,869,14,16654,22,232,114,0
3.947044695628935,845,15,15101,443,317,109,0
2.910646781698658,919,39,47822,80,165,303,0
3.187844881052,669,38,20186,443,338,411,0
6.13623394694398,919,8,40337,443,179,450,1
5.729189771217507,390,17,44817,443,316,91,1
0.9082650991328071,336,5,12969,80,53,210,0
0.8240396350268862,422,9,57205,80,259,392,0
6.341878786441392,896,43,51787,80,436,287,1
8.268836351274835,367,49,18416,443,256,495,0
4.744541683563019,881,19,30688,443,70,401,1
3.977868935986532,451,25,34249,443,402,492,1
3.6631684352993474,647,36,38086,443,215,402,1
2.250418143823746,394,33,51993,3389,191,377,0
8.127501565892862,746,28,1896,80,384,196,0
8.190606656047885,491,24,20674,3389,420,298,1
6.109768022505284,616,43,38030,443,360,59,0
8.52705972673721,531,37,54119,443,452,123,0
3.6605180838755,881,39,21023,3389,498,473,0
2.25488804552435,234,37,51090,22,494,479,0
3.117055854893644,745,42,43825,3389,101,230,1
0.18718906295875257,604,16,55667,443,370,103,0
1.4017596258986897,773,31,38149,22,89,105,0
6.730005327243525,225,42,57278,80,171,234,1
6.605519621561495,516,38,50191,22,148,457,1
0.8351912582683957,620,7,64740,3389,212,144,0
7.226310078310628,270,25,1625,80,469,361,0
7.4043074079882265,299,7,53409,22,348,458,0
5.410009253937083,523,14,27845,443,132,352,1
0.41872434017669147,979,19,55221,3389,76,210,1
5.116525367990151,539,28,38857,3389,51,498,0
5.4954362519339615,791,32,20305,3389,222,342,1
9.9247274244343,244,30,63897,443,446,483,1
3.0437569529149053,456,20,29888,443,128,382,1
9.928200382474591,489,37,11401,443,265,436,1
0.9545135709381969,357,18,3945,80,460,361,0
4.141407843609273,492,37,62408,80,221,318,0
6.612266881973437,879,35,56133,3389,151,432,0
3.1554349093000034,127,40,65357,3389,104,165,1
1.2226080075286936,213,45,15619,80,316,318,0
5.718250508736731,332,20,55159,80,81,120,0
5.356874250658335,144,11,47414,22,275,402,0
5.013196562069981,427,47,49380,3389,208,256,1
7.560752006691432,346,43,33353,3389,460,474,0
2.425893601853806,506,25,28604,80,163,447,0
9.348363899743005,963,11,34713,80,387,201,1
5.122015455154454,901,47,53341,443,461,126,0
4.106162624693304,394,17,46751,3389,249,355,1
5.9171847419230055,447,7,49103,22,160,123,0
3.7487474401362575,952,3,14087,3389,242,332,1
7.247703327543548,125,44,38601,443,283,173,0
9.573328269112363,922,35,35114,443,221,167,1
6.573525957389304,189,3,55479,22,414,179,1
8.302180220025981,476,13,20174,3389,154,390,1
4.768194458825067,634,29,30757,80,232,357,0
5.96277014615427,407,1,55516,3389,247,199,0
2.8259722071032405,937,37,1800,443,428,62,1
7.567770681373231,753,15,45236,3389,69,148,1
3.119239516283058,607,16,10183,80,171,418,1
7.307214260349191,265,16,64168,80,492,197,0
4.550998365731698,640,47,46055,3389,253,161,0
1.0132974818964213,995,3,60681,22,454,446,0
6.771382984368555,262,33,16895,22,453,290,1
3.35139889023343,781,47,30453,443,101,429,1
0.8693165062835969,631,19,24233,3389,357,278,0
7.464314896141596,282,16,49548,80,349,144,0
9.838367002005324,448,37,35969,443,331,145,1
6.019775744599623,626,20,4510,443,434,134,0
7.831070402843678,682,16,61070,3389,414,157,1
5.024095777158063,200,37,3416,22,292,129,1
5.651341729715498,453,21,44218,443,278,380,0
6.481544379640645,762,16,55583,443,64,450,0
4.390297663559667,295,36,49381,22,273,124,1
4.35531046411722,152,44,50146,22,178,394,1
9.627894752302714,577,8,53822,22,305,413,0
7.284762480893335,643,15,36617,443,456,81,0
6.128757994098176,887,32,57445,443,153,275,1
0.7715549591523243,799,26,13646,443,343,465,0
2.9775463660622576,788,44,6842,443,69,197,0
9.88067575224106,367,16,39292,22,352,395,0
9.508841293810091,954,17,12876,80,400,244,0
4.118534718902543,383,39,63223,80,252,139,1
4.127772245253168,508,47,59869,22,480,161,0
7.4526186425343575,724,6,16189,3389,341,391,0
0.8158579848978811,458,48,43043,22,442,65,1
8.75077180654124,629,2,57852,22,363,265,0
0.10514925980815665,807,23,31703,22,494,393,0
0.5863020098747913,346,7,27503,80,224,102,1
3.0967161003110917,855,37,62801,3389,81,184,1
2.7547292127432197,399,17,28650,443,309,194,1
7.858297773222818,608,5,34020,443,132,435,1
5.211813993614423,969,24,57265,443,70,176,0
6.759617247069851,887,33,58082,3389,450,85,0
3.3295160773900525,555,30,43249,3389,198,70,0
5.375364015602829,316,39,5498,443,332,315,1
0.6216531204178862,675,20,64825,22,344,165,0
5.176383236994047,367,24,58016,3389,176,373,0
7.432533460264333,630,38,17756,80,464,227,1
6.633815466726924,845,6,64459,3389,399,239,0
5.884822663495909,943,24,10087,443,136,268,1
8.986963217366375,928,12,42365,3389,417,321,0
2.1992824304611966,931,21,44341,3389,488,309,1
4.851987656148378,154,29,65210,22,315,316,1
1.2891928251669817,613,14,51369,3389,389,241,1
2.9238813780308464,899,48,34035,3389,176,396,0
4.49962301180667,916,22,48535,443,406,87,1
7.286951156658388,187,5,33268,3389,165,340,0
1.3251031969715044,387,20,8622,80,432,52,1
5.223359782935139,672,11,42495,443,124,395,0
4.774688302810408,276,21,38545,80,481,483,1
7.175084193034718,515,9,61299,22,101,84,1
5.176490636118827,270,31,17812,22,469,391,0
9.813505931987603,349,46,3256,443,293,122,0
4.485539905455266,732,36,19623,22,133,202,0
9.89633917009615,880,15,22819,22,168,157,1
1.42955336614331,184,5,53059,22,237,263,0
3.00689804331107,679,3,62897,443,458,61,0
3.047441948615976,204,11,13901,22,158,375,0
5.654576873298597,546,38,23939,443,187,314,1
7.547049897277608,273,48,3451,22,290,140,1
7.9472463152767,158,5,19240,443,329,319,1
8.645243832698325,925,43,47111,3389,53,226,1
2.562500784356399,890,17,36264,443,352,261,0
2.450279485983484,605,30,58941,22,166,299,1
3.8385837384471313,620,47,10422,80,65,295,0
2.2330217579569904,997,42,18148,443,202,186,0
9.095667435414331,296,32,48026,443,295,213,0
0.7706122755799989,821,27,25010,80,301,468,1
6.81791017666584,823,3,63572,22,332,191,0
8.893097419317343,647,3,18932,22,424,476,0
6.073103055148132,305,31,40471,80,134,326,1
4.23527047497113,405,6,45059,443,122,280,0
2.1853377277376183,550,47,47251,22,497,393,0
9.751586913751071,111,14,24825,3389,192,114,0
0.8202299503790279,843,13,64890,22,258,375,0
2.745351483544571,915,29,22253,3389,289,485,1
5.9330398009898335,110,2,38159,443,139,275,1
0.46869865537910305,242,26,7706,443,420,159,1
0.8635659039615955,309,14,29096,22,283,264,1
3.732171223752719,781,4,29174,22,146,382,0
8.192470210147562,158,2,15582,443,428,304,0
8.628022083666863,461,8,1082,443,195,205,1
3.822785446503318,257,35,17506,3389,364,87,1
1.4923070194090626,727,42,48473,22,372,258,0
9.677088684636013,457,10,9541,443,435,167,1
5.275366407013152,736,9,24267,3389,367,492,1
8.333729145004753,145,41,11947,22,94,417,1
3.618214139049715,653,39,1478,443,231,241,1
4.501130376291552,767,47,2034,80,223,217,0
7.532810783831613,648,40,20289,3389,453,399,1
3.8891825191009985,740,40,22154,3389,414,257,0
4.567038030179623,438,16,5132,443,175,274,0
5.806833290413782,839,5,60157,22,311,316,0
8.535953343385438,849,7,36421,22,205,295,1
6.455710584546551,143,35,42795,80,470,483,1
6.51227789906902,727,16,61615,3389,165,101,1
2.887128131269441,131,45,8147,3389,294,286,0
7.92506024880544,817,2,26859,3389,184,223,1
2.2912517901732037,859,48,18719,443,203,59,1
3.6594817480548727,438,32,60999,22,374,485,0
7.555198573012569,724,27,60501,3389,276,425,1
8.190765962178283,874,47,23350,22,316,375,1
9.70668328868009,106,12,56248,443,334,285,1
8.752285518858685,379,1,15143,3389,319,419,0
4.028785049294919,232,22,3136,22,217,433,0
3.4881249170274486,584,47,35298,443,260,459,1
7.786249914089308,776,20,51636,80,423,233,1
5.049829967195406,679,44,23407,3389,479,355,1
7.321423623517951,710,38,58021,443,253,394,0
1.3876354815067236,107,46,56832,443,345,57,1
5.375991674565238,750,8,35574,80,313,464,0
8.291168494808717,460,42,26322,443,225,133,1
2.548380775266871,627,37,16130,80,60,307,0
9.959734394023902,469,29,35402,443,314,291,0
0.573519124683761,743,36,15597,3389,54,343,0
4.215631998791904,363,9,51921,22,149,206,1
1.0060481776340418,199,2,39410,22,163,162,0
3.568640250661424,225,44,29281,80,481,290,1
0.9559127069575719,220,39,24164,443,119,446,1
2.196361447074979,388,31,48997,443,50,370,0
2.5208476896512786,883,6,58286,22,201,219,0
2.8068550634422937,197,41,46341,80,495,337,1
4.0908443892674935,690,22,56838,443,354,431,1
1.518770750306547,759,9,53990,22,255,309,1
9.976729166285919,136,22,63664,3389,102,291,0
5.381712442296366,602,20,50390,22,277,220,1
2.3426950392473858,671,29,48329,80,414,68,0
0.16380250414867972,307,17,54381,443,150,284,1
4.730884800683303,935,36,24401,80,451,335,1
6.685549546020993,983,1,35665,3389,188,102,0
8.099250215359305,149,22,17020,443,420,469,1
2.373700144769654,967,42,15934,3389,322,381,0
3.4446047520384373,300,9,45755,22,146,217,1
9.864048210230887,897,29,8289,3389,152,182,1
9.953886746876737,921,40,38879,80,55,199,1
0.1217461327215861,103,5,15787,80,342,466,1
7.055145195970097,337,1,29638,22,325,278,1
3.1719621082062766,679,28,42516,443,450,366,0
6.170070966269399,951,6,44746,22,475,177,1
7.376503143168673,774,44,37355,443,275,467,0
7.836504988582168,961,2,3113,22,242,279,1
8.445588122735112,772,21,62530,443,352,156,1
3.8954462272076045,539,45,3532,443,374,54,1
2.838432840105438,432,7,40766,80,303,295,0
3.7754675148842236,960,8,37787,80,161,219,1
2.4000785016663158,555,11,1955,80,167,474,1
4.065647298862529,503,27,44267,3389,443,445,1
2.4013516442657568,928,38,37858,443,412,170,0
4.511650803659487,645,4,52136,443,218,131,0
4.888164644012148,269,34,30972,443,376,226,1
3.7816053691408564,210,22,51916,443,254,479,0
3.619471610252256,895,25,4861,3389,112,387,1
4.75094318216514,519,7,3566,22,482,203,1
3.8294736724031924,774,45,9884,3389,141,323,1
9.238037771233056,354,37,43389,80,258,132,0
2.4057832622895883,337,33,54605,80,61,405,0
8.540218483896233,302,9,43295,3389,285,477,1
6.446966227260908,320,21,33243,80,115,160,1
9.460968172982831,208,40,15025,3389,409,284,0
4.847088580549123,662,45,62611,3389,316,349,0
5.873291110104227,615,32,37793,443,109,64,0
1.2448267686495544,816,42,40850,80,190,332,0
2.4597720729299564,292,16,28672,3389,139,444,1
8.154537647773923,315,11,17991,22,467,125,0
8.94325486763269,885,1,11882,443,461,154,0
2.6880314905315332,383,35,38137,3389,368,478,0
0.9682487703479544,463,14,37130,80,436,317,0
1.109625396227517,243,38,43066,22,466,291,0
9.833283123553711,147,46,27629,80,189,412,0
0.8096602090685207,539,25,51331,3389,228,218,0
8.46425361033945,464,37,38422,22,411,268,1
0.7874325378042621,419,24,64763,22,79,290,0
5.125814231018476,475,15,56972,443,275,442,1
6.4135885634781715,260,14,31167,80,55,423,1
6.505079022185804,790,41,5840,22,290,132,1
3.121566200793501,669,48,32039,3389,362,190,0
9.809893853981858,649,28,36032,3389,335,149,0
4.553282362109057,647,22,53650,443,197,423,1
0.676468570068948,788,30,49566,80,248,171,1
9.392612560913868,116,36,55914,443,212,432,0
0.6434852355549362,685,43,20934,443,362,318,1
1.0696422818929234,329,45,47895,80,117,405,1
0.6691177752806947,654,12,25533,22,264,75,1
1.9750485363936794,170,1,33391,3389,428,353,0
1.9887005887006752,407,41,14165,443,76,195,0
6.473247690383461,705,49,52451,80,293,87,1
0.6913818143458995,497,24,36532,80,475,498,0
7.54686892766789,426,20,60745,80,297,480,0
0.9075079608298169,405,13,5714,443,216,392,0
4.953461583189391,920,17,50987,80,239,156,1
8.16417210588198,486,5,2502,3389,151,416,0
6.631224113365622,245,46,37702,443,413,274,1
1.1450030023966429,456,16,30165,3389,267,54,1
5.635088812880945,343,49,25771,80,133,334,1
9.631954950447415,955,20,8280,443,152,280,1
5.428530682734574,672,46,64224,80,192,74,0
5.656828642334437,924,39,38953,3389,242,174,0
6.104843151129829,398,20,11488,443,411,190,1
2.316029799653298,874,25,12514,80,174,308,1
0.1833589911386291,535,6,6414,22,145,426,0
3.4821070719526452,903,9,29177,80,114,475,1
1.965665256666747,430,16,25406,22,403,258,0
1.3465247609260498,583,14,10862,22,489,433,0
8.394589351768786,328,20,62302,443,404,154,1
1.4907729577282245,939,3,44010,80,378,351,0
4.589983545885585,452,6,22507,22,68,215,1
4.816821928830972,527,21,24715,80,404,488,0
0.3576626522146906,485,49,39055,3389,312,473,1
6.524546170026814,586,30,54909,80,104,344,0
1.683644896256792,929,20,59500,80,349,298,0
0.2720149220717586,991,6,38308,22,480,490,0
7.719232047686578,150,4,27579,22,72,151,1
6.1365992453137075,335,28,16137,443,84,483,1
7.288984064115026,308,2,1305,443,185,319,0
3.868103741472661,209,12,8702,22,278,456,0
8.111479357613726,609,25,60725,3389,302,180,0
2.761506001926171,509,7,18334,3389,289,250,0
0.24949965678517264,472,18,3707,22,300,197,0
6.957660204492555,123,33,57210,22,146,323,0
0.9858844780839243,900,15,41430,22,78,220,1
3.7892706095790376,983,7,39092,443,227,276,1
6.911844109809538,270,37,51001,80,485,187,0
2.4644653243035264,399,26,65478,3389,143,499,1
2.6117383478904257,774,31,24002,22,337,100,0
7.14243864395044,849,22,7957,3389,498,468,1
7.817116905696011,596,14,21422,3389,81,52,1
1.8383365314421747,188,20,54975,80,392,114,1
3.3445899977217732,780,6,34595,22,213,247,1
7.238204759955876,331,40,28819,80,232,85,0
1.6407171678168573,621,8,53351,443,340,281,0
0.9644532494919534,709,22,10227,80,297,151,0
1.4626393589198226,588,31,7731,3389,108,195,0
1.1144318874945363,561,41,38142,80,332,91,0
8.238327673557217,922,25,2049,443,244,278,0
9.777540885636258,726,11,56866,22,243,435,0
2.2227796604079253,484,31,19911,80,274,148,0
1.7029724684745435,681,8,13711,443,110,429,1
6.510185475928431,619,7,44131,3389,307,61,1
2.9370802235001827,910,12,3931,3389,151,235,0
1.6957455670099588,180,34,10614,80,367,195,0
0.1484065581014959,283,31,33204,22,305,54,1
4.95089188710147,489,31,13446,22,397,166,1
4.889525644973498,274,27,58949,80,437,366,1
4.235391329714849,336,46,9426,443,133,406,0
9.124161649370457,362,24,32536,22,318,210,1
0.5644087638781253,528,21,50179,3389,481,114,1
9.146848989785708,422,16,31849,3389,337,440,0
1.536566135875145,941,17,13699,443,350,145,0
5.280844977259584,263,28,1074,3389,472,411,1
9.127936577930488,260,49,64545,22,494,370,0
8.623845664876079,461,12,58915,80,326,484,1
7.167313120256735,817,49,15228,443,199,414,1
0.9552835976690978,351,19,20512,80,384,356,0
8.307964380535436,209,27,17284,22,226,171,0
5.2682427924591515,518,17,21542,22,167,201,1
7.291443502786212,508,10,43299,80,405,111,0
9.011116640959978,379,47,51003,22,423,69,1
3.3904113494586485,382,28,26666,80,497,264,0
0.5592457846182263,304,17,8366,22,268,226,0
3.89923162918796,253,29,43720,3389,424,102,1
6.74122199863027,588,21,43874,22,476,313,0
8.296086838009629,309,38,20453,3389,344,345,0
8.700578801039626,391,32,2176,80,428,358,1
1.5588451502955687,652,39,51881,80,321,358,1
5.390941317368495,553,48,34908,443,218,471,0
0.20273968736745446,805,34,53866,22,64,109,1
2.8553429572540456,752,25,31659,80,396,164,0
7.526731337072021,979,15,54741,80,334,134,1
4.768938156530157,322,19,8021,80,350,438,1
2.2392244657037503,540,39,28623,22,186,237,0
7.929407762297012,861,15,23149,443,460,63,0
0.5082422715172857,330,25,59047,3389,154,493,1
8.788595508837243,530,8,22611,80,337,461,1
5.102929919266904,131,42,50636,22,252,440,0
6.474735911251163,219,23,24882,80,142,212,0
7.532182944579046,476,28,28989,443,419,335,1
4.846127691318749,422,29,6592,443,424,328,0
5.083543039620775,190,30,18611,443,395,465,1
8.204390857786652,621,16,42857,443,160,219,0
5.084930820207595,827,12,3716,80,211,211,0
0.3417237641484467,690,30,42451,3389,265,222,1
4.363681996012341,287,16,39563,3389,276,143,1
9.635684831229746,394,42,33494,80,103,481,0
4.722593638012609,528,2,31565,443,227,179,1
7.401420533113439,667,32,64378,80,499,443,0
2.4376933270322763,208,43,25966,22,224,499,0
5.434441997969354,419,29,51279,80,327,390,1
2.623816075936193,658,41,48328,443,491,423,1
9.744338561282126,282,29,32908,80,68,487,0
1.9575943191265561,381,12,56575,3389,423,212,0
8.808241710435105,729,21,6706,22,157,409,0
1.9181980122757163,957,21,38547,80,452,372,1
0.963731458747274,476,41,35100,80,436,284,1
5.613208862363344,919,22,48364,3389,135,256,0
9.795167098281041,393,20,42430,443,62,438,0
5.627323617323345,689,9,47771,3389,167,312,1
8.961855513031413,987,32,58540,22,142,477,1
5.228276988633324,555,1,35710,3389,113,454,0
9.131891290787793,144,45,30260,22,267,165,0
2.5017525635550086,600,47,11885,443,428,216,0
0.5714212968562465,371,38,55490,22,371,418,0
5.56174458200642,991,13,42577,443,81,100,1
9.235848690887648,150,27,6409,80,357,400,0
1.27396705587185,414,1,63728,22,102,223,0
8.641974389380653,850,17,24438,443,141,311,1
8.225642926458828,171,47,34121,22,293,258,1
1.298899677216707,804,34,1894,80,237,174,1
3.0446710086103126,381,49,18657,22,99,55,1
6.365700008934958,158,33,19875,443,389,203,1
4.491522202240023,746,39,57202,22,273,186,0
7.179217540425019,117,34,41084,443,197,269,0
4.5502307953892736,506,45,13912,80,175,117,1
8.528021282558905,832,12,31378,3389,338,227,1
3.7105345791070716,782,8,16821,443,272,203,1
8.80637757174553,855,9,46197,80,287,389,1
0.6991561649602341,422,6,28197,3389,157,202,1
1.6928283752842435,147,16,52395,443,255,141,0
7.514255591132655,520,31,1638,3389,473,63,1
5.5340663930434575,325,12,3153,22,362,316,0
6.069393119098373,298,10,14428,3389,168,156,0
3.381742447007861,496,46,5941,22,352,435,0
8.980340685244341,363,32,42368,22,186,389,0
5.996944078426917,831,49,27745,22,380,242,0
2.5183035687701167,540,2,17704,22,436,156,1
6.000526017720892,677,19,22503,22,87,486,1
2.63166178213698,837,8,34372,443,117,402,0
7.455920784442427,406,25,64168,80,472,357,1
5.890998859965543,119,13,59675,80,498,353,0
4.742252421930076,962,46,20809,443,244,168,1
0.9310990867660704,401,11,16092,3389,90,458,1
3.808571770407224,704,36,28763,443,301,62,0
4.989878159323162,819,24,42170,22,303,260,1
6.314917311421964,654,10,63040,3389,383,153,1
7.476225158467518,983,35,63963,80,54,456,0
4.544344400667739,385,2,9877,80,435,325,1
7.062619481060126,455,2,40198,22,431,373,0
0.9082045071943429,325,37,30298,443,131,366,1
8.442353720005604,907,24,48507,22,92,119,1
4.476173486202021,906,14,37357,80,310,218,0
4.9224193579150075,665,15,56769,443,72,181,0
9.250800304898323,390,36,53975,22,490,138,0
0.5026620342713285,491,16,46809,443,310,415,0
7.572865256600784,840,48,63130,80,301,253,1
5.071177560573382,491,5,38393,443,498,488,1
2.0063650115101614,465,39,36165,22,401,271,0
9.211955617019457,137,35,2174,22,160,55,0
5.998299155625208,714,37,3430,22,150,470,0
2.8944859747648906,748,21,60346,443,354,290,0
9.48527267480995,910,36,61179,443,139,155,1
7.8841613730766635,961,12,30682,22,262,260,1
5.691823502507291,784,26,55840,80,340,271,1
5.193286358141955,295,8,53844,80,408,106,0
8.047203463973629,185,34,35114,22,190,108,0
7.9382947897378875,739,21,13672,3389,324,163,1
2.1133553192484267,280,10,1239,22,441,186,1
6.265684656392504,435,17,12376,3389,416,133,1
7.812733799583892,631,28,35997,80,218,290,0
5.319947617327067,821,16,19657,22,225,263,1
2.1564736475737223,323,44,27920,80,94,397,1
8.353775008869052,501,26,55674,3389,403,389,0
6.917856931127464,946,9,43587,80,178,163,0
0.7050392876779547,730,21,27088,443,161,139,1
1.0110143099835025,244,32,38668,22,127,448,1
1.9710841784817692,195,28,26398,22,314,329,1
3.665402195903443,739,28,64657,22,428,441,1
5.986253685617707,906,4,8139,22,109,276,1
8.119722430686721,812,30,20827,3389,271,321,0
4.281813415623518,404,42,41898,3389,346,111,1
9.840509336060732,529,44,17132,22,173,97,0
6.4249879168811725,899,11,23797,80,154,154,0
3.74846204025076,727,44,30990,443,304,479,0
4.917774252682948,684,15,35701,22,212,448,1
1.888112223733645,369,33,51475,3389,266,132,0
6.0093418669593115,277,28,62165,443,410,295,1
2.457803289024068,139,36,12062,443,283,113,0
8.649915518287802,791,29,33342,80,118,251,1
7.352140785151269,377,47,28752,22,445,60,1
7.568369142646053,797,45,65223,80,123,210,1
5.585808504643683,712,6,22275,443,482,68,1
3.9269942113066767,131,30,34234,80,406,353,0
1.8502813172452743,150,34,18042,80,78,353,1
1.594805036563033,150,47,43144,3389,185,359,1
0.20627114748657172,665,18,58634,22,432,53,0
0.7445335020697081,843,5,28089,80,307,371,0
3.862132263562895,650,8,11540,443,157,471,1
0.40849206140881344,170,5,55430,3389,282,467,1
6.549440609789268,313,36,14540,443,174,284,0
2.231038950903237,805,15,30147,80,230,411,0
5.5554656248266605,617,38,63914,22,403,495,1
7.200529569139689,843,18,16416,80,210,314,1
3.179922565907279,227,28,5568,3389,433,294,1
1.9151109377278324,907,34,1149,443,157,133,1
3.8623563111032824,585,49,6355,443,83,314,1
9.248702661479953,771,16,1593,22,474,95,1
3.5238236582632876,853,23,26651,3389,132,198,0
8.218429829917977,930,34,7916,3389,473,97,0
0.7482787163647526,163,38,29103,3389,186,81,0
2.299887246932538,131,45,2748,3389,174,373,0
7.614973639135252,674,3,34216,22,66,426,1
8.995208681290455,947,9,21834,443,243,141,0
5.1562622447840125,617,22,20227,22,129,327,1
7.781153376033595,964,22,30596,3389,456,134,1
6.856573445009228,110,9,41350,443,407,215,1
5.206340483549931,567,47,21501,22,77,297,1
6.893344625726957,517,44,12379,443,144,417,1
6.06042150058339,491,18,17719,22,89,340,1
1.2369828497193411,745,2,7475,80,121,450,0
5.566321426754256,357,45,2611,80,308,430,0
3.2645550333328432,877,30,42884,3389,497,376,0
0.1555985047926711,786,27,6180,443,59,344,1
8.761778079321658,735,48,58684,3389,413,378,1
5.143680825506783,398,20,44884,22,447,97,1
6.60614818828682,366,4,24515,80,440,406,1
5.876740698155177,758,18,33466,443,409,203,0
5.543024163669424,612,45,54243,3389,453,294,0
0.2856987523091551,177,13,3451,80,59,245,0
0.6531747966918746,687,20,38622,3389,310,402,0
8.478276829091147,394,48,65398,80,375,498,1
2.6186852877423195,311,11,63676,3389,488,120,1
8.507368523003391,441,41,54585,3389,335,192,0
3.8292548998094276,105,4,47467,80,330,194,0
6.020366002199162,236,33,46722,80,350,291,1
4.300913933573755,891,23,3153,80,361,190,1
1.620186088690457,845,37,27159,22,238,242,1
9.155834100541117,460,49,14389,22,242,206,1
7.336180469854007,224,15,30214,443,67,178,1
9.397737207281496,479,48,59698,80,63,163,1
1.3432322957230074,401,10,32039,22,434,290,0
5.786255428861084,899,8,28070,22,269,139,1
3.38215161747596,109,12,22585,22,382,135,1
7.135159002513187,858,42,5131,22,191,278,1
4.6789208996203335,155,1,11752,80,426,211,1
0.8209821576112526,206,24,29339,22,244,373,0
6.245010190847798,922,21,38568,3389,379,324,1
6.998920850685003,236,26,37468,3389,226,101,0
8.704896456750689,610,26,25258,443,107,159,1
5.398642829429447,318,18,43759,443,336,227,1
4.7898611347785875,948,19,30956,3389,459,388,1
9.231025864750837,551,2,15129,443,282,357,0
5.440061306909511,439,49,37727,22,125,237,0
6.784089168462557,446,46,10168,443,120,386,1
7.159976009601505,253,3,47314,443,69,120,1
4.637857552323628,948,27,41831,3389,339,139,1
4.002372897908989,716,11,37484,22,261,118,0
3.0957343322394277,925,7,43663,443,279,122,0
3.6916365291544233,571,44,64876,443,142,451,0
7.301313611212475,633,28,3096,443,397,301,0
2.8044575999759056,574,28,5102,3389,161,352,1
1.7820532213768696,370,22,52694,3389,242,92,1
2.066589973743717,110,16,48057,80,228,336,1
3.5238529788794777,487,6,15920,22,226,178,1
5.180724040324482,519,27,1389,22,400,77,1
0.20236377385600124,759,45,3045,3389,287,493,1
7.403961415100619,244,37,14377,80,472,483,0
0.9589060303424125,502,15,2427,3389,310,187,0
6.429979802965222,102,12,7720,443,189,184,1
8.515891162072208,464,30,4252,80,478,392,1
3.160864639882338,426,18,61293,80,431,374,1
0.8745042837781418,196,24,36744,3389,348,290,0
2.017479308490225,535,33,20672,3389,377,408,1
8.717960839740947,829,31,35550,80,368,407,1
9.633013891005856,568,36,7322,443,398,491,1
6.546724601676249,244,15,17300,3389,466,155,1
6.876371856028606,620,25,58822,443,236,384,0
3.5338612436633463,315,14,32798,3389,432,444,1
9.534390368008358,239,12,12040,3389,51,172,1
4.54577965120828,723,6,54315,443,363,447,0
7.956261373474404,294,10,46928,22,384,134,1
0.7187189941482377,104,15,1613,22,206,292,1
2.4644976530074127,794,8,4455,443,384,457,1
3.604421656886122,379,13,37216,22,69,315,1
1.1881999772663807,923,21,48087,80,259,331,1
6.076307579060393,782,5,23767,22,59,66,1
9.63583251732599,283,38,4624,80,81,415,0
1.718889385802767,727,16,11840,3389,125,480,0
4.177102365692822,257,3,28253,80,155,214,0
6.382556140922836,615,34,61634,443,382,298,0
8.727823084895487,726,38,36444,3389,228,480,0
1.0653355100449389,223,39,37399,22,181,440,0
9.150222852335183,895,31,54900,3389,108,491,1
4.076732214802895,618,37,24524,3389,281,342,1
0.8145536803486625,472,15,56575,3389,368,224,1
5.940486734365741,571,40,59261,3389,282,269,1
7.564399642688195,924,32,50121,3389,129,229,0
8.914560191120842,860,7,2505,22,253,316,0
4.795117780688066,558,41,59834,443,220,277,1
8.54577271775862,896,8,48929,22,52,470,0
7.182442561848847,368,17,41450,22,242,418,1
5.33423312476267,496,32,10546,3389,121,302,0
5.399757536376321,360,32,10282,80,390,423,0
6.058852216474684,100,30,42866,80,491,497,0
7.617085459053759,846,14,8064,80,306,427,1
2.9967148730936164,301,15,34699,22,358,300,1
6.292638082077978,916,43,2844,443,233,223,0
1.46021406780692,154,7,51739,443,208,294,0
4.26625159533172,599,3,42341,22,192,184,1
9.549474231954436,680,29,16848,443,93,301,0
7.926644948060289,495,25,1295,3389,194,387,0
6.071161490780386,987,25,65293,22,453,134,1
0.5907742450047232,154,13,53368,443,186,177,1
2.300784375703078,121,46,13622,443,384,120,1
7.0331869024417255,593,18,58258,80,85,274,0
3.7516200866658367,707,4,45666,443,455,81,1
6.13203323841325,859,9,10973,443,115,355,1
9.286003633013461,378,32,34680,3389,420,186,0
9.492978596681162,908,20,56459,3389,63,116,1
7.942757278317562,800,26,43309,80,432,133,1
0.6316025055764449,188,1,27843,80,291,251,0
7.627383784724863,820,49,44837,80,401,61,0
8.981170428392753,988,12,3323,3389,251,51,1
4.644316974111354,719,1,54185,80,309,275,1
0.9648291064873793,745,21,49783,443,490,486,0
7.211339988839018,741,39,37050,22,249,364,0
7.4911591118735,816,26,62961,443,211,55,0
7.6341827852813235,124,14,10660,3389,123,257,1
8.246222163239052,155,14,25365,3389,474,469,0
4.708449704968601,260,4,43020,22,56,162,0
2.870286329640671,932,11,34386,3389,79,196,1
7.556482780830909,664,9,33377,80,115,197,1
7.5520222557407175,118,2,23179,3389,324,201,1
8.730199317723743,614,48,27122,80,224,105,0
8.016814139160571,879,33,2671,3389,135,336,0
6.717265248942706,773,49,45227,443,202,149,1
1.6049650897436354,705,5,17510,22,349,301,1
6.736471187019631,611,18,47427,22,162,280,1
9.509107784614482,620,48,3244,443,484,331,0
5.5639342487323455,557,44,31635,3389,65,125,1
7.177106479217968,673,17,57885,443,348,257,0
7.84785525256705,405,41,20461,443,408,447,0
4.2294135449076675,419,39,9989,80,362,481,1
8.611337626831059,270,11,18617,22,490,468,1
3.1295056266058072,182,18,11383,80,50,498,0
8.37599952972306,802,19,63398,3389,168,349,1
2.9786312621865965,735,5,33273,3389,336,416,0
3.907754109331147,339,44,16887,22,246,135,1
4.627679564769134,981,19,33870,22,229,261,0
5.636932033295016,666,22,2160,80,281,378,1
5.629717293023471,798,40,57730,80,283,407,1
9.756324481172964,311,7,55685,443,257,112,1
4.693180048497923,179,25,4086,80,287,248,0
6.449317157953222,973,37,17521,3389,480,288,0
2.4730750775440824,832,38,21464,443,457,393,0
7.772301730272558,127,9,21284,22,113,325,0
5.517284113654648,943,24,23929,80,252,52,0
8.46714289325444,782,17,47309,3389,431,441,1
5.971049309702758,309,23,25062,80,482,162,0
4.290661876174616,330,37,31118,443,291,497,0
4.254131488259161,933,4,16523,22,91,206,1
1.4774758857375772,185,7,25366,3389,246,177,0
6.069376094517139,379,1,53156,3389,301,475,1
1.1797321885777166,341,48,55445,22,175,322,1
1.8449576039992535,793,28,2284,22,358,281,1
4.111023171936615,216,14,15359,22,151,457,0
8.671927282325267,515,5,2711,80,289,469,1
9.414028868283816,366,49,49250,3389,126,143,1
7.930355290494289,694,11,5677,22,274,98,0
6.410253985486434,786,8,45310,3389,202,116,1
